x,y,t,u,f
0,0,180,0.308557516,-0.279180452
1.052631579,0,180,0.336161388,-0.298173646
2.105263158,0,180,0.317969412,-0.285821258
3.157894737,0,180,0.278181575,-0.256654497
4.210526316,0,180,0.251779436,-0.235818411
5.263157895,0,180,0.243451999,-0.229022872
6.315789474,0,180,0.240591828,-0.226665308
7.368421053,0,180,0.237880338,-0.22441939
8.421052632,0,180,0.216045722,-0.205961625
9.473684211,0,180,0.163016629,-0.158684556
10.52631579,0,180,0.109036141,-0.107739823
11.57894737,0,180,0.065655225,-0.065372211
12.63157895,0,180,-0.009682348,0.00968144
13.68421053,0,180,-0.152687898,0.149128194
14.73684211,0,180,-0.297874098,0.271444033
15.78947368,0,180,-0.332939471,0.296033566
16.84210526,0,180,-0.237274358,0.22391602
17.89473684,0,180,-0.06401134,0.063749057
18.94736842,0,180,0.10633063,-0.105128434
20,0,180,0.23173458,-0.219290221
0,1.052631579,180,0.178907362,-0.173180923
1.052631579,1.052631579,180,0.198652727,-0.190813313
2.105263158,1.052631579,180,0.171723585,-0.16665963
3.157894737,1.052631579,180,0.116639904,-0.115053033
4.210526316,1.052631579,180,0.074386258,-0.073974656
5.263157895,1.052631579,180,0.059319453,-0.05911072
6.315789474,1.052631579,180,0.061009957,-0.060782864
7.368421053,1.052631579,180,0.079061948,-0.078567749
8.421052632,1.052631579,180,0.100688987,-0.099668174
9.473684211,1.052631579,180,0.114842195,-0.113327572
10.52631579,1.052631579,180,0.133104707,-0.130746509
11.57894737,1.052631579,180,0.130591613,-0.128364482
12.63157895,1.052631579,180,0.044615396,-0.044526587
13.68421053,1.052631579,180,-0.143595607,0.140634709
14.73684211,1.052631579,180,-0.329843002,0.293957269
15.78947368,1.052631579,180,-0.389631955,0.330480736
16.84210526,1.052631579,180,-0.309621187,0.279939266
17.89473684,1.052631579,180,-0.149479982,0.146139961
18.94736842,1.052631579,180,0.007560495,-0.007560063
20,1.052631579,180,0.115756249,-0.114205172
0,2.105263158,180,-0.085970543,0.08533514
1.052631579,2.105263158,180,-0.055976877,0.055801478
2.105263158,2.105263158,180,-0.053873236,0.053716878
3.157894737,2.105263158,180,-0.082671513,0.082106488
4.210526316,2.105263158,180,-0.113408268,0.111949675
5.263157895,2.105263158,180,-0.127678969,0.125597557
6.315789474,2.105263158,180,-0.124087189,0.122176541
7.368421053,2.105263158,180,-0.086054365,0.085417102
8.421052632,2.105263158,180,-0.010216149,0.010215083
9.473684211,2.105263158,180,0.080408797,-0.079888908
10.52631579,2.105263158,180,0.1624689,-0.158180348
11.57894737,2.105263158,180,0.187824267,-0.181198211
12.63157895,2.105263158,180,0.098019994,-0.097078226
13.68421053,2.105263158,180,-0.109127676,0.107828091
14.73684211,2.105263158,180,-0.318909855,0.286475608
15.78947368,2.105263158,180,-0.411679659,0.341908132
16.84210526,2.105263158,180,-0.380199744,0.325241169
17.89473684,2.105263158,180,-0.283790885,0.260935143
18.94736842,2.105263158,180,-0.188945485,0.182200056
20,2.105263158,180,-0.128457056,0.126337359
0,3.157894737,180,-0.268178034,0.248890815
1.052631579,3.157894737,180,-0.223246863,0.212120427
2.105263158,3.157894737,180,-0.177962341,0.172326168
3.157894737,3.157894737,180,-0.166760087,0.162122668
4.210526316,3.157894737,180,-0.185963839,0.179532735
5.263157895,3.157894737,180,-0.209467018,0.200276353
6.315789474,3.157894737,180,-0.21266417,0.20304621
7.368421053,3.157894737,180,-0.160886984,0.156722485
8.421052632,3.157894737,180,-0.042815521,0.042737033
9.473684211,3.157894737,180,0.095833814,-0.094953664
10.52631579,3.157894737,180,0.198980127,-0.191101889
11.57894737,3.157894737,180,0.220264654,-0.20957818
12.63157895,3.157894737,180,0.127543829,-0.125469019
13.68421053,3.157894737,180,-0.064188082,0.06392362
14.73684211,3.157894737,180,-0.259436243,0.241974325
15.78947368,3.157894737,180,-0.363100291,0.315228488
16.84210526,3.157894737,180,-0.368797078,0.318636514
17.89473684,3.157894737,180,-0.330728385,0.294552896
18.94736842,3.157894737,180,-0.298827007,0.272142478
20,3.157894737,180,-0.288721469,0.264653623
0,4.210526316,180,-0.234329719,0.221462576
1.052631579,4.210526316,180,-0.176641617,0.171129999
2.105263158,4.210526316,180,-0.099069215,0.09809688
3.157894737,4.210526316,180,-0.06676089,0.066463336
4.210526316,4.210526316,180,-0.101795054,0.10074023
5.263157895,4.210526316,180,-0.164084158,0.15966642
6.315789474,4.210526316,180,-0.19536604,0.187909331
7.368421053,4.210526316,180,-0.144258641,0.141256539
8.421052632,4.210526316,180,-0.010472793,0.010471644
9.473684211,4.210526316,180,0.130514875,-0.128291667
10.52631579,4.210526316,180,0.206005613,-0.197263082
11.57894737,4.210526316,180,0.191976113,-0.184900866
12.63157895,4.210526316,180,0.094321864,-0.093482718
13.68421053,4.210526316,180,-0.047917103,0.047807083
14.73684211,4.210526316,180,-0.170840738,0.165854485
15.78947368,4.210526316,180,-0.227616368,0.215823743
16.84210526,4.210526316,180,-0.223773092,0.21256779
17.89473684,4.210526316,180,-0.208335423,0.199292905
18.94736842,4.210526316,180,-0.215390782,0.205398117
20,4.210526316,180,-0.240523688,0.226608997
0,5.263157895,180,-0.050441446,0.050313106
1.052631579,5.263157895,180,0.025233396,-0.025217329
2.105263158,5.263157895,180,0.122041248,-0.120223558
3.157894737,5.263157895,180,0.155562391,-0.151797834
4.210526316,5.263157895,180,0.088595133,-0.087899742
5.263157895,5.263157895,180,-0.030615704,0.030587008
6.315789474,5.263157895,180,-0.109609948,0.108293057
7.368421053,5.263157895,180,-0.078488984,0.078005451
8.421052632,5.263157895,180,0.038218372,-0.038162548
9.473684211,5.263157895,180,0.138293529,-0.135648652
10.52631579,5.263157895,180,0.152239431,-0.148711001
11.57894737,5.263157895,180,0.086560337,-0.085911767
12.63157895,5.263157895,180,-0.013028286,0.013026074
13.68421053,5.263157895,180,-0.084838376,0.084227747
14.73684211,5.263157895,180,-0.097268401,0.096348131
15.78947368,5.263157895,180,-0.059931775,0.059716511
16.84210526,5.263157895,180,-0.008956388,0.008955669
17.89473684,5.263157895,180,0.008329954,-0.008329376
18.94736842,5.263157895,180,-0.019973081,0.019965113
20,5.263157895,180,-0.060694584,0.060470995
0,6.315789474,180,0.098846695,-0.097880896
1.052631579,6.315789474,180,0.203359987,-0.194949977
2.105263158,6.315789474,180,0.315859354,-0.284346972
3.157894737,6.315789474,180,0.353959268,-0.309612715
4.210526316,6.315789474,180,0.277729804,-0.256307436
5.263157895,6.315789474,180,0.124528323,-0.122597225
6.315789474,6.315789474,180,0.003008799,-0.003008772
7.368421053,6.315789474,180,0.003080631,-0.003080602
8.421052632,6.315789474,180,0.076985854,-0.076529572
9.473684211,6.315789474,180,0.106453352,-0.105246989
10.52631579,6.315789474,180,0.040475315,-0.040409006
11.57894737,6.315789474,180,-0.07826054,0.077781217
12.63157895,6.315789474,180,-0.171721136,0.166657397
13.68421053,6.315789474,180,-0.17604271,0.170586964
14.73684211,6.315789474,180,-0.09109641,0.090340442
15.78947368,6.315789474,180,0.028310785,-0.028288093
16.84210526,6.315789474,180,0.117127986,-0.115521111
17.89473684,6.315789474,180,0.134978147,-0.132518967
18.94736842,6.315789474,180,0.095181928,-0.094319618
20,6.315789474,180,0.060671815,-0.060448478
0,7.368421053,180,0.118243058,-0.116589853
1.052631579,7.368421053,180,0.253309544,-0.237055754
2.105263158,7.368421053,180,0.382530849,-0.326555167
3.157894737,7.368421053,180,0.436901732,-0.353504565
4.210526316,7.368421053,180,0.381667291,-0.326069847
5.263157895,7.368421053,180,0.238004817,-0.224522727
6.315789474,7.368421053,180,0.10524842,-0.104082559
7.368421053,7.368421053,180,0.079375671,-0.078875565
8.421052632,7.368421053,180,0.10328972,-0.102187746
9.473684211,7.368421053,180,0.058548298,-0.0583476
10.52631579,7.368421053,180,-0.080245662,0.079728931
11.57894737,7.368421053,180,-0.235099037,0.222104747
12.63157895,7.368421053,180,-0.315214138,0.283894476
13.68421053,7.368421053,180,-0.278062515,0.256563065
14.73684211,7.368421053,180,-0.149203151,0.145881653
15.78947368,7.368421053,180,-0.003815681,0.003815626
16.84210526,7.368421053,180,0.087814546,-0.087137374
17.89473684,7.368421053,180,0.098905115,-0.097937604
18.94736842,7.368421053,180,0.058195276,-0.057998187
20,7.368421053,180,0.044125186,-0.044039273
0,8.421052632,180,0.056376985,-0.056197798
1.052631579,8.421052632,180,0.195589188,-0.188106898
2.105263158,8.421052632,180,0.319855999,-0.287132216
3.157894737,8.421052632,180,0.38237482,-0.326467605
4.210526316,8.421052632,180,0.358251545,-0.312272048
5.263157895,8.421052632,180,0.257097084,-0.240103247
6.315789474,8.421052632,180,0.153333035,-0.149728019
7.368421053,8.421052632,180,0.124812919,-0.12286855
8.421052632,8.421052632,180,0.118203045,-0.116551517
9.473684211,8.421052632,180,0.029110301,-0.029085633
10.52631579,8.421052632,180,-0.148306062,0.145044116
11.57894737,8.421052632,180,-0.316895115,0.285071711
12.63157895,8.421052632,180,-0.387935991,0.329553823
13.68421053,8.421052632,180,-0.344096268,0.303354498
14.73684211,8.421052632,180,-0.228112863,0.216242901
15.78947368,8.421052632,180,-0.112021108,0.110615385
16.84210526,8.421052632,180,-0.045552005,0.045457485
17.89473684,8.421052632,180,-0.036088826,0.036041824
18.94736842,8.421052632,180,-0.055203564,0.055035335
20,8.421052632,180,-0.038497856,0.038440799
0,9.473684211,180,0.005870357,-0.005870155
1.052631579,9.473684211,180,0.096359253,-0.095464547
2.105263158,9.473684211,180,0.167032591,-0.1623724
3.157894737,9.473684211,180,0.208619955,-0.199540338
4.210526316,9.473684211,180,0.213169513,-0.203482826
5.263157895,9.473684211,180,0.176980856,-0.171437422
6.315789474,9.473684211,180,0.13599702,-0.133481729
7.368421053,9.473684211,180,0.135171317,-0.132701563
8.421052632,9.473684211,180,0.134797522,-0.132348201
9.473684211,9.473684211,180,0.051031,-0.050898107
10.52631579,9.473684211,180,-0.121156388,0.119377949
11.57894737,9.473684211,180,-0.289525411,0.265255954
12.63157895,9.473684211,180,-0.368092908,0.31821912
13.68421053,9.473684211,180,-0.350624153,0.307519367
14.73684211,9.473684211,180,-0.280986698,0.258801808
15.78947368,9.473684211,180,-0.211712271,0.202222885
16.84210526,9.473684211,180,-0.166995201,0.162338139
17.89473684,9.473684211,180,-0.140763427,0.137974292
18.94736842,9.473684211,180,-0.118925789,0.117243781
20,9.473684211,180,-0.074495203,0.07408179
0,10.52631579,180,0.021106519,-0.021097116
1.052631579,10.52631579,180,0.019468541,-0.019461162
2.105263158,10.52631579,180,0.004545363,-0.004545269
3.157894737,10.52631579,180,0.006632192,-0.0066319
4.210526316,10.52631579,180,0.031614529,-0.031582931
5.263157895,10.52631579,180,0.056380977,-0.056201753
6.315789474,10.52631579,180,0.072835247,-0.072448858
7.368421053,10.52631579,180,0.100916179,-0.099888441
8.421052632,10.52631579,180,0.127359212,-0.125293399
9.473684211,10.52631579,180,0.090562462,-0.089819709
10.52631579,10.52631579,180,-0.030560439,0.030531897
11.57894737,10.52631579,180,-0.174472312,0.169161272
12.63157895,10.52631579,180,-0.266176541,0.247317946
13.68421053,10.52631579,180,-0.292202563,0.267253625
14.73684211,10.52631579,180,-0.273118656,0.252745698
15.78947368,10.52631579,180,-0.231526773,0.219115862
16.84210526,10.52631579,180,-0.177672743,0.172064041
17.89473684,10.52631579,180,-0.113179789,0.111729994
18.94736842,10.52631579,180,-0.051000275,0.050867622
20,10.52631579,180,-0.003628733,0.003628686
0,11.57894737,180,0.077772566,-0.077302153
1.052631579,11.57894737,180,-0.02567247,0.02565555
2.105263158,11.57894737,180,-0.111656647,0.1102646
3.157894737,11.57894737,180,-0.131404714,0.129135723
4.210526316,11.57894737,180,-0.09080821,0.090059394
5.263157895,11.57894737,180,-0.038212581,0.038156783
6.315789474,11.57894737,180,-0.009158262,0.009157494
7.368421053,11.57894737,180,0.014837137,-0.014833871
8.421052632,11.57894737,180,0.057718906,-0.057526617
9.473684211,11.57894737,180,0.08315021,-0.082575313
10.52631579,11.57894737,180,0.048970939,-0.048853499
11.57894737,11.57894737,180,-0.029799312,0.02977285
12.63157895,11.57894737,180,-0.108505162,0.107227691
13.68421053,11.57894737,180,-0.16275075,0.158439839
14.73684211,11.57894737,180,-0.177125358,0.171568334
15.78947368,11.57894737,180,-0.140589638,0.137810821
16.84210526,11.57894737,180,-0.056046344,0.055870291
17.89473684,11.57894737,180,0.050028208,-0.049902997
18.94736842,11.57894737,180,0.128116031,-0.126013171
20,11.57894737,180,0.139641208,-0.136918251
0,12.63157895,180,0.133431578,-0.131055964
1.052631579,12.63157895,180,-0.061071527,0.060843746
2.105263158,12.63157895,180,-0.196658988,0.189053249
3.157894737,12.63157895,180,-0.224817833,0.213454852
4.210526316,12.63157895,180,-0.176458067,0.170963613
5.263157895,12.63157895,180,-0.121685607,0.119883761
6.315789474,12.63157895,180,-0.105370189,0.104200277
7.368421053,12.63157895,180,-0.101583617,0.100535352
8.421052632,12.63157895,180,-0.056633716,0.056452071
9.473684211,12.63157895,180,0.019657784,-0.019650187
10.52631579,12.63157895,180,0.070223898,-0.069877596
11.57894737,12.63157895,180,0.067396589,-0.067090454
12.63157895,12.63157895,180,0.026950497,-0.026930922
13.68421053,12.63157895,180,-0.021248281,0.021238687
14.73684211,12.63157895,180,-0.038607207,0.038549663
15.78947368,12.63157895,180,0.009949202,-0.009948218
16.84210526,12.63157895,180,0.127065569,-0.125014012
17.89473684,12.63157895,180,0.259783501,-0.24225137
18.94736842,12.63157895,180,0.328642145,-0.293146933
20,12.63157895,180,0.285945306,-0.262565069
0,13.68421053,180,0.173513787,-0.168289801
1.052631579,13.68421053,180,-0.087034968,0.086375671
2.105263158,13.68421053,180,-0.268048801,0.248789452
3.157894737,13.68421053,180,-0.318787437,0.286390526
4.210526316,13.68421053,180,-0.280037555,0.258076721
5.263157895,13.68421053,180,-0.226583003,0.214950264
6.315789474,13.68421053,180,-0.206326263,0.197542845
7.368421053,13.68421053,180,-0.202360037,0.194073477
8.421052632,13.68421053,180,-0.160148286,0.156040887
9.473684211,13.68421053,180,-0.073527248,0.073129741
10.52631579,13.68421053,180,0.004688078,-0.004687975
11.57894737,13.68421053,180,0.033022578,-0.032986567
12.63157895,13.68421053,180,0.021795108,-0.021784755
13.68421053,13.68421053,180,0.004186657,-0.004186584
14.73684211,13.68421053,180,0.015853632,-0.015849647
15.78947368,13.68421053,180,0.09053764,-0.089795498
16.84210526,13.68421053,180,0.234793487,-0.221849796
17.89473684,13.68421053,180,0.386892943,-0.328980428
18.94736842,13.68421053,180,0.453637933,-0.360284974
20,13.68421053,180,0.382539431,-0.326559982
0,14.73684211,180,0.17243381,-0.167306764
1.052631579,14.73684211,180,-0.117780568,0.116146685
2.105263158,14.73684211,180,-0.334870368,0.29731862
3.157894737,14.73684211,180,-0.417375102,0.344667535
4.210526316,14.73684211,180,-0.39754331,0.334715293
5.263157895,14.73684211,180,-0.339946103,0.300660791
6.315789474,14.73684211,180,-0.293277665,0.268052328
7.368421053,14.73684211,180,-0.264788387,0.246223308
8.421052632,14.73684211,180,-0.224442219,0.213136097
9.473684211,14.73684211,180,-0.166942873,0.162290188
10.52631579,14.73684211,180,-0.124881581,0.122934002
11.57894737,14.73684211,180,-0.117570704,0.115945539
12.63157895,14.73684211,180,-0.11817917,0.116528642
13.68421053,14.73684211,180,-0.096378112,0.095482881
14.73684211,14.73684211,180,-0.043003321,0.042923795
15.78947368,14.73684211,180,0.053442581,-0.053289943
16.84210526,14.73684211,180,0.208510213,-0.199444917
17.89473684,14.73684211,180,0.37686926,-0.323342354
18.94736842,14.73684211,180,0.459556369,-0.362501715
20,14.73684211,180,0.393580962,-0.33261292
0,15.78947368,180,0.095483746,-0.094613207
1.052631579,15.78947368,180,-0.177296027,0.171722925
2.105263158,15.78947368,180,-0.387226027,0.329163809
3.157894737,15.78947368,180,-0.472718192,0.367083408
4.210526316,15.78947368,180,-0.455316411,0.360923384
5.263157895,15.78947368,180,-0.387807115,0.329483113
6.315789474,15.78947368,180,-0.314414085,0.283332298
7.368421053,15.78947368,180,-0.259124081,0.241725119
8.421052632,15.78947368,180,-0.219267109,0.208725171
9.473684211,15.78947368,180,-0.20134561,0.193183048
10.52631579,15.78947368,180,-0.216543962,0.206389937
11.57894737,15.78947368,180,-0.247340565,0.232208924
12.63157895,15.78947368,180,-0.245867881,0.231004918
13.68421053,15.78947368,180,-0.192321655,0.185208135
14.73684211,15.78947368,180,-0.112266838,0.110851844
15.78947368,15.78947368,180,-0.022145559,0.022134698
16.84210526,15.78947368,180,0.103875874,-0.102755033
17.89473684,15.78947368,180,0.257040398,-0.240057799
18.94736842,15.78947368,180,0.348414627,-0.306119617
20,15.78947368,180,0.298736969,-0.272076554
0,16.84210526,180,-0.006916944,0.006916613
1.052631579,16.84210526,180,-0.211918039,0.202400957
2.105263158,16.84210526,180,-0.36623743,0.317114057
3.157894737,16.84210526,180,-0.419489264,0.345671217
4.210526316,16.84210526,180,-0.383260277,0.326963773
5.263157895,16.84210526,180,-0.303059946,0.275225305
6.315789474,16.84210526,180,-0.215935343,0.205866694
7.368421053,16.84210526,180,-0.147561219,0.144348175
8.421052632,16.84210526,180,-0.111300421,0.109921655
9.473684211,16.84210526,180,-0.128365942,0.126250752
10.52631579,16.84210526,180,-0.195396145,0.187935988
11.57894737,16.84210526,180,-0.261181338,0.243364672
12.63157895,16.84210526,180,-0.265187899,0.24653866
13.68421053,16.84210526,180,-0.205052279,0.196430562
14.73684211,16.84210526,180,-0.132050259,0.129747663
15.78947368,16.84210526,180,-0.074803542,0.074384974
16.84210526,16.84210526,180,-0.003629922,0.003629875
17.89473684,16.84210526,180,0.100800246,-0.099776046
18.94736842,16.84210526,180,0.177794902,-0.172174622
20,16.84210526,180,0.147526863,-0.144316062
0,17.89473684,180,-0.010570363,0.010569182
1.052631579,17.89473684,180,-0.119399325,0.117697144
2.105263158,17.89473684,180,-0.199982732,0.191984804
3.157894737,17.89473684,180,-0.212074287,0.202536139
4.210526316,17.89473684,180,-0.158874309,0.154864156
5.263157895,17.89473684,180,-0.082971355,0.08240016
6.315789474,17.89473684,180,-0.011039652,0.011038307
7.368421053,17.89473684,180,0.043351054,-0.043269584
8.421052632,17.89473684,180,0.063084808,-0.06283375
9.473684211,17.89473684,180,0.014859209,-0.014855929
10.52631579,17.89473684,180,-0.091153269,0.090395884
11.57894737,17.89473684,180,-0.184040753,0.177807109
12.63157895,17.89473684,180,-0.204978453,0.196366044
13.68421053,17.89473684,180,-0.172717348,0.167564968
14.73684211,17.89473684,180,-0.140683416,0.137899034
15.78947368,17.89473684,180,-0.118461147,0.116798777
16.84210526,17.89473684,180,-0.079253965,0.078756156
17.89473684,17.89473684,180,-0.007113023,0.007112663
18.94736842,17.89473684,180,0.059676894,-0.059464365
20,17.89473684,180,0.064283578,-0.064017934
0,18.94736842,180,0.111348776,-0.109968213
1.052631579,18.94736842,180,0.095451728,-0.094582064
2.105263158,18.94736842,180,0.077293889,-0.076832109
3.157894737,18.94736842,180,0.085608769,-0.084981354
4.210526316,18.94736842,180,0.12678329,-0.124745375
5.263157895,18.94736842,180,0.170317233,-0.165376677
6.315789474,18.94736842,180,0.2013298,-0.193169161
7.368421053,18.94736842,180,0.218589701,-0.208145167
8.421052632,18.94736842,180,0.206446604,-0.197647808
9.473684211,18.94736842,180,0.131361514,-0.12909476
10.52631579,18.94736842,180,0.010778491,-0.010777239
11.57894737,18.94736842,180,-0.087280806,0.086615906
12.63157895,18.94736842,180,-0.128234536,0.126125835
13.68421053,18.94736842,180,-0.148714663,0.145425681
14.73684211,18.94736842,180,-0.176568536,0.171063757
15.78947368,18.94736842,180,-0.178284756,0.172617894
16.84210526,18.94736842,180,-0.131134831,0.128879791
17.89473684,18.94736842,180,-0.045245584,0.045152959
18.94736842,18.94736842,180,0.042162217,-0.042087267
20,18.94736842,180,0.098681112,-0.097720159
0,20,180,0.259352953,-0.241907848
1.052631579,20,180,0.289136174,-0.264964468
2.105263158,20,180,0.288187301,-0.264252792
3.157894737,20,180,0.280702304,-0.258584708
4.210526316,20,180,0.287760123,-0.26393189
5.263157895,20,180,0.297897071,-0.271460891
6.315789474,20,180,0.299674164,-0.272762044
7.368421053,20,180,0.292048115,-0.267138718
8.421052632,20,180,0.258174645,-0.240966234
9.473684211,20,180,0.175179365,-0.169803494
10.52631579,20,180,0.071349421,-0.0709862
11.57894737,20,180,-0.007168331,0.007167963
12.63157895,20,180,-0.065615439,0.065332939
13.68421053,20,180,-0.147780523,0.144553132
14.73684211,20,180,-0.238047652,0.224558281
15.78947368,20,180,-0.256739983,0.23981686
16.84210526,20,180,-0.181604472,0.175615123
17.89473684,20,180,-0.048907449,0.048790466
18.94736842,20,180,0.085069037,-0.084453414
20,20,180,0.190968233,-0.184003838
0,0,360,0.407654748,-0.339909706
1.052631579,0,360,0.497156314,-0.374276972
2.105263158,0,360,0.519445738,-0.379286876
3.157894737,0,360,0.511275574,-0.377626752
4.210526316,0,360,0.499343805,-0.374835306
5.263157895,0,360,0.498767224,-0.374689528
6.315789474,0,360,0.510973662,-0.377561462
7.368421053,0,360,0.524001669,-0.38012247
8.421052632,0,360,0.514885843,-0.37838578
9.473684211,0,360,0.453528438,-0.360243061
10.52631579,0,360,0.308247844,-0.278959141
11.57894737,0,360,0.060554324,-0.060332282
12.63157895,0,360,-0.253281563,0.237033158
13.68421053,0,360,-0.524933714,0.380285392
14.73684211,0,360,-0.676938172,0.366734444
15.78947368,0,360,-0.708997929,0.352600223
16.84210526,0,360,-0.626890097,0.380527809
17.89473684,0,360,-0.415693126,0.343861031
18.94736842,0,360,-0.097095704,0.096180327
20,0,360,0.210374276,-0.201063671
0,1.052631579,360,0.169802872,-0.164906943
1.052631579,1.052631579,360,0.295552029,-0.269735263
2.105263158,1.052631579,360,0.341678156,-0.301789294
3.157894737,1.052631579,360,0.33582861,-0.297953572
4.210526316,1.052631579,360,0.309702811,-0.279997408
5.263157895,1.052631579,360,0.295203363,-0.269477858
6.315789474,1.052631579,360,0.31411866,-0.283124405
7.368421053,1.052631579,360,0.366404814,-0.317214056
8.421052632,1.052631579,360,0.425163909,-0.348309431
9.473684211,1.052631579,360,0.445259269,-0.356984029
10.52631579,1.052631579,360,0.378369394,-0.324200746
11.57894737,1.052631579,360,0.181053444,-0.175118449
12.63157895,1.052631579,360,-0.144060708,0.141070946
13.68421053,1.052631579,360,-0.473785416,0.367433562
14.73684211,1.052631579,360,-0.676981187,0.366718321
15.78947368,1.052631579,360,-0.74692645,0.330216839
16.84210526,1.052631579,360,-0.7101519,0.352011133
17.89473684,1.052631579,360,-0.568486035,0.384764781
18.94736842,1.052631579,360,-0.326482914,0.291682743
20,1.052631579,360,-0.049361074,0.049240805
0,2.105263158,360,-0.158186629,0.154228324
1.052631579,2.105263158,360,-0.024366316,0.024351849
2.105263158,2.105263158,360,0.043632614,-0.043549546
3.157894737,2.105263158,360,0.048257678,-0.048145295
4.210526316,2.105263158,360,0.016556276,-0.016551738
5.263157895,2.105263158,360,-0.00544257,0.005442409
6.315789474,2.105263158,360,0.026925091,-0.026905571
7.368421053,2.105263158,360,0.130937751,-0.128692863
8.421052632,2.105263158,360,0.275058146,-0.254248076
9.473684211,2.105263158,360,0.386394353,-0.328705446
10.52631579,2.105263158,360,0.394726403,-0.333224503
11.57894737,2.105263158,360,0.249442896,-0.23392212
12.63157895,2.105263158,360,-0.061000068,0.060773086
13.68421053,2.105263158,360,-0.417317887,0.344640217
14.73684211,2.105263158,360,-0.653884405,0.37430644
15.78947368,2.105263158,360,-0.751198305,0.327297933
16.84210526,2.105263158,360,-0.749830508,0.328241461
17.89473684,2.105263158,360,-0.67147968,0.368719591
18.94736842,2.105263158,360,-0.525451952,0.380374797
20,2.105263158,360,-0.338553796,0.299749209
0,3.157894737,360,-0.351736305,0.308220042
1.052631579,3.157894737,360,-0.222605171,0.211574403
2.105263158,3.157894737,360,-0.133762783,0.131369435
3.157894737,3.157894737,360,-0.111649932,0.110258137
4.210526316,3.157894737,360,-0.144757067,0.141723739
5.263157895,3.157894737,360,-0.181126711,0.175184507
6.315789474,3.157894737,360,-0.156812131,0.152956114
7.368421053,3.157894737,360,-0.035225313,0.035181605
8.421052632,3.157894737,360,0.156123234,-0.152317814
9.473684211,3.157894737,360,0.321962256,-0.288587747
10.52631579,3.157894737,360,0.37102203,-0.319948122
11.57894737,3.157894737,360,0.255071086,-0.23847584
12.63157895,3.157894737,360,-0.029797346,0.02977089
13.68421053,3.157894737,360,-0.371512349,0.320235685
14.73684211,3.157894737,360,-0.608186375,0.383223911
15.78947368,3.157894737,360,-0.71273014,0.350674453
16.84210526,3.157894737,360,-0.727640336,0.34238355
17.89473684,3.157894737,360,-0.685262581,0.363473686
18.94736842,3.157894737,360,-0.601216342,0.383900028
20,3.157894737,360,-0.485685428,0.37111693
0,4.210526316,360,-0.308165673,0.278900386
1.052631579,4.210526316,360,-0.160488171,0.156354565
2.105263158,4.210526316,360,-0.042932261,0.042853129
3.157894737,4.210526316,360,-0.004747457,0.00474735
4.210526316,4.210526316,360,-0.048159805,0.048048105
5.263157895,4.210526316,360,-0.118653203,0.116982734
6.315789474,4.210526316,360,-0.135357253,0.132877293
7.368421053,4.210526316,360,-0.047227958,0.047122617
8.421052632,4.210526316,360,0.120490832,-0.118741541
9.473684211,4.210526316,360,0.266891344,-0.247880409
10.52631579,4.210526316,360,0.297152165,-0.270913805
11.57894737,4.210526316,360,0.173305877,-0.168100648
12.63157895,4.210526316,360,-0.08379802,0.083209581
13.68421053,4.210526316,360,-0.365588309,0.316725672
14.73684211,4.210526316,360,-0.552570515,0.383851853
15.78947368,4.210526316,360,-0.628085778,0.380311124
16.84210526,4.210526316,360,-0.629503412,0.380047233
17.89473684,4.210526316,360,-0.59087848,0.384580717
18.94736842,4.210526316,360,-0.527422261,0.380706974
20,4.210526316,360,-0.435688183,0.352984026
0,5.263157895,360,-0.0655565,0.065274761
1.052631579,5.263157895,360,0.113339141,-0.111883214
2.105263158,5.263157895,360,0.251563222,-0.235643281
3.157894737,5.263157895,360,0.296866909,-0.27070404
4.210526316,5.263157895,360,0.244399405,-0.229801167
5.263157895,5.263157895,360,0.13866578,-0.135999487
6.315789474,5.263157895,360,0.061609215,-0.061375365
7.368421053,5.263157895,360,0.073661529,-0.07326184
8.421052632,5.263157895,360,0.152439712,-0.148897338
9.473684211,5.263157895,360,0.206178819,-0.197414218
10.52631579,5.263157895,360,0.155980347,-0.152185365
11.57894737,5.263157895,360,-0.010172347,0.010171295
12.63157895,5.263157895,360,-0.234763639,0.221824884
13.68421053,5.263157895,360,-0.423397638,0.347497024
14.73684211,5.263157895,360,-0.517220394,0.378855179
15.78947368,5.263157895,360,-0.520733455,0.379529637
16.84210526,5.263157895,360,-0.469810722,0.366113106
17.89473684,5.263157895,360,-0.400724047,0.336375875
18.94736842,5.263157895,360,-0.324010591,0.289995031
20,5.263157895,360,-0.219100309,0.20858241
0,6.315789474,360,0.209755673,-0.20052696
1.052631579,6.315789474,360,0.395049775,-0.333396599
2.105263158,6.315789474,360,0.524880608,-0.380276183
3.157894737,6.315789474,360,0.567826,-0.384743926
4.210526316,6.315789474,360,0.524872757,-0.380274821
5.263157895,6.315789474,360,0.420345668,-0.34607459
6.315789474,6.315789474,360,0.3084588,-0.279109923
7.368421053,6.315789474,360,0.241231997,-0.227194013
8.421052632,6.315789474,360,0.204996106,-0.196381472
9.473684211,6.315789474,360,0.128462687,-0.126342711
10.52631579,6.315789474,360,-0.035378998,0.035334715
11.57894737,6.315789474,360,-0.250713676,0.234954479
12.63157895,6.315789474,360,-0.434659451,0.352539746
13.68421053,6.315789474,360,-0.532800915,0.381551088
14.73684211,6.315789474,360,-0.534262711,0.381764556
15.78947368,6.315789474,360,-0.455180036,0.360871801
16.84210526,6.315789474,360,-0.333898184,0.296672544
17.89473684,6.315789474,360,-0.213938769,0.204146835
18.94736842,6.315789474,360,-0.102914042,0.101824049
20,6.315789474,360,0.03152808,-0.031496741
0,7.368421053,360,0.355118308,-0.310334689
1.052631579,7.368421053,360,0.532626623,-0.38152518
2.105263158,7.368421053,360,0.64913162,-0.375605822
3.157894737,7.368421053,360,0.691378271,-0.360896752
4.210526316,7.368421053,360,0.6654625,-0.370768861
5.263157895,7.368421053,360,0.584578147,-0.384809316
6.315789474,7.368421053,360,0.475723128,-0.36806104
7.368421053,7.368421053,360,0.366372315,-0.317194645
8.421052632,7.368421053,360,0.241381303,-0.227317237
9.473684211,7.368421053,360,0.050069354,-0.049943834
10.52631579,7.368421053,360,-0.209818006,0.200581063
11.57894737,7.368421053,360,-0.45123249,0.3593567
12.63157895,7.368421053,360,-0.599503066,0.38403931
13.68421053,7.368421053,360,-0.644780514,0.376718231
14.73684211,7.368421053,360,-0.598550016,0.384112217
15.78947368,7.368421053,360,-0.475817647,0.368091374
16.84210526,7.368421053,360,-0.310853758,0.280815941
17.89473684,7.368421053,360,-0.149168582,0.145849392
18.94736842,7.368421053,360,-0.000724151,0.00072415
20,7.368421053,360,0.163720308,-0.159331894
0,8.421052632,360,0.362474101,-0.314849545
1.052631579,8.421052632,360,0.5254164,-0.380368691
2.105263158,8.421052632,360,0.631122111,-0.379736632
3.157894737,8.421052632,360,0.67490656,-0.367487388
4.210526316,8.421052632,360,0.664168827,-0.371190521
5.263157895,8.421052632,360,0.608231648,-0.383218942
6.315789474,8.421052632,360,0.520520241,-0.379489799
7.368421053,8.421052632,360,0.408410891,-0.340288177
8.421052632,8.421052632,360,0.247157742,-0.232059629
9.473684211,8.421052632,360,-0.002695085,0.002695065
10.52631579,8.421052632,360,-0.308173078,0.278905682
11.57894737,8.421052632,360,-0.554455902,0.384004322
12.63157895,8.421052632,360,-0.685211637,0.363494504
13.68421053,8.421052632,360,-0.715039769,0.349452898
14.73684211,8.421052632,360,-0.663218287,0.371496089
15.78947368,8.421052632,360,-0.540510923,0.382599545
16.84210526,8.421052632,360,-0.369109079,0.3188211
17.89473684,8.421052632,360,-0.186134455,0.179685634
18.94736842,8.421052632,360,-0.009387236,0.009386409
20,8.421052632,360,0.173212221,-0.168015425
0,9.473684211,360,0.304700708,-0.276411526
1.052631579,9.473684211,360,0.413313804,-0.342708109
2.105263158,9.473684211,360,0.482690916,-0.370228508
3.157894737,9.473684211,360,0.51575531,-0.378562572
4.210526316,9.473684211,360,0.516458564,-0.378703856
5.263157895,9.473684211,360,0.488118507,-0.371819549
6.315789474,9.473684211,360,0.435245132,-0.352793023
7.368421053,9.473684211,360,0.353130205,-0.309094536
8.421052632,9.473684211,360,0.210780058,-0.201415473
9.473684211,9.473684211,360,-0.027063612,0.02704379
10.52631579,9.473684211,360,-0.32196955,0.288592773
11.57894737,9.473684211,360,-0.560727014,0.384426151
12.63157895,9.473684211,360,-0.68939312,0.361750164
13.68421053,9.473684211,360,-0.722544554,0.345325262
14.73684211,9.473684211,360,-0.678696975,0.36606907
15.78947368,9.473684211,360,-0.56448049,0.384615429
16.84210526,9.473684211,360,-0.391965779,0.331745265
17.89473684,9.473684211,360,-0.193811655,0.186531516
18.94736842,9.473684211,360,-0.004836621,0.004836508
20,9.473684211,360,0.162318547,-0.15804189
0,10.52631579,360,0.261116367,-0.243312994
1.052631579,10.52631579,360,0.244216736,-0.229651207
2.105263158,10.52631579,360,0.214014608,-0.204212257
3.157894737,10.52631579,360,0.198446273,-0.190631275
4.210526316,10.52631579,360,0.199858521,-0.191875487
5.263157895,10.52631579,360,0.206754878,-0.197916608
6.315789474,10.52631579,360,0.207287524,-0.198380769
7.368421053,10.52631579,360,0.185481538,-0.179100342
8.421052632,10.52631579,360,0.109338917,-0.10803177
9.473684211,10.52631579,360,-0.053790846,0.053635205
10.52631579,10.52631579,360,-0.283081666,0.260396852
11.57894737,10.52631579,360,-0.492232088,0.37296798
12.63157895,10.52631579,360,-0.619090947,0.381809731
13.68421053,10.52631579,360,-0.657071209,0.373385594
14.73684211,10.52631579,360,-0.612345862,0.382736093
15.78947368,10.52631579,360,-0.484455997,0.370755331
16.84210526,10.52631579,360,-0.284436672,0.261424545
17.89473684,10.52631579,360,-0.061298648,0.061068317
18.94736842,10.52631579,360,0.120133798,-0.118400012
20,10.52631579,360,0.227141684,-0.215422685
0,11.57894737,360,0.264625479,-0.246094645
1.052631579,11.57894737,360,0.075875276,-0.075438458
2.105263158,11.57894737,360,-0.099763283,0.098770368
3.157894737,11.57894737,360,-0.194506853,0.187148092
4.210526316,11.57894737,360,-0.211170701,0.201753952
5.263157895,11.57894737,360,-0.180102385,0.174260428
6.315789474,11.57894737,360,-0.129753924,0.127569376
7.368421053,11.57894737,360,-0.084215799,0.083618515
8.421052632,11.57894737,360,-0.073267137,0.072873834
9.473684211,11.57894737,360,-0.128467651,0.126347429
10.52631579,11.57894737,360,-0.251672713,0.235731977
11.57894737,11.57894737,360,-0.394695383,0.333207982
12.63157895,11.57894737,360,-0.496706731,0.37416045
13.68421053,11.57894737,360,-0.522365078,0.379829787
14.73684211,11.57894737,360,-0.453209716,0.360120872
15.78947368,11.57894737,360,-0.279400272,0.257589026
16.84210526,11.57894737,360,-0.029634634,0.029608609
17.89473684,11.57894737,360,0.207805651,-0.198831941
18.94736842,11.57894737,360,0.350552987,-0.307474443
20,11.57894737,360,0.369369317,-0.318974897
0,12.63157895,360,0.286166538,-0.262731992
1.052631579,12.63157895,360,-0.058332051,0.058133568
2.105263158,12.63157895,360,-0.352319125,0.308586187
3.157894737,12.63157895,360,-0.501872228,0.375462793
4.210526316,12.63157895,360,-0.538958661,0.382403869
5.263157895,12.63157895,360,-0.511223585,0.377615529
6.315789474,12.63157895,360,-0.449610834,0.358722048
7.368421053,12.63157895,360,-0.373659347,0.321488541
8.421052632,12.63157895,360,-0.304275969,0.276104923
9.473684211,12.63157895,360,-0.269907896,0.250245032
10.52631579,12.63157895,360,-0.289193279,0.265007249
11.57894737,12.63157895,360,-0.34542478,0.30420929
12.63157895,12.63157895,360,-0.391001215,0.331224187
13.68421053,12.63157895,360,-0.374146856,0.321771583
14.73684211,12.63157895,360,-0.254007297,0.23761882
15.78947368,12.63157895,360,-0.0207387,0.020729781
16.84210526,12.63157895,360,0.259258184,-0.241832196
17.89473684,12.63157895,360,0.472794067,-0.367108409
18.94736842,12.63157895,360,0.561059176,-0.384444817
20,12.63157895,360,0.506312355,-0.376518068
0,13.68421053,360,0.280854301,-0.258700756
1.052631579,13.68421053,360,-0.164215466,0.159787114
2.105263158,13.68421053,360,-0.513215038,0.378039496
3.157894737,13.68421053,360,-0.677175644,0.36664534
4.210526316,13.68421053,360,-0.722002233,0.345631693
5.263157895,13.68421053,360,-0.704802298,0.354694379
6.315789474,13.68421053,360,-0.653844897,0.374317606
7.368421053,13.68421053,360,-0.582815254,0.384848287
8.421052632,13.68421053,360,-0.50396415,0.375967403
9.473684211,13.68421053,360,-0.437149306,0.353610285
10.52631579,13.68421053,360,-0.402224499,0.337150791
11.57894737,13.68421053,360,-0.396124694,0.333966878
12.63157895,13.68421053,360,-0.383910152,0.327326785
13.68421053,13.68421053,360,-0.31344268,0.282648092
14.73684211,13.68421053,360,-0.137617224,0.13501096
15.78947368,13.68421053,360,0.142356325,-0.139471428
16.84210526,13.68421053,360,0.430051374,-0.350515874
17.89473684,13.68421053,360,0.616480725,-0.38218816
18.94736842,13.68421053,360,0.670163106,-0.369180398
20,13.68421053,360,0.574268128,-0.384883755
0,14.73684211,360,0.231856713,-0.219392668
1.052631579,14.73684211,360,-0.248706821,0.23332304
2.105263158,14.73684211,360,-0.597932369,0.384157724
3.157894737,14.73684211,360,-0.752951523,0.326076202
4.210526316,14.73684211,360,-0.795044608,0.292500148
5.263157895,14.73684211,360,-0.780921007,0.304685999
6.315789474,14.73684211,360,-0.736513895,0.336989931
7.368421053,14.73684211,360,-0.675506708,0.367266707
8.421052632,14.73684211,360,-0.610363648,0.382976466
9.473684211,14.73684211,360,-0.556276045,0.384140296
10.52631579,14.73684211,360,-0.52403368,0.380128111
11.57894737,14.73684211,360,-0.505697889,0.376375588
12.63157895,14.73684211,360,-0.470348932,0.366294523
13.68421053,14.73684211,360,-0.372614001,0.320879828
14.73684211,14.73684211,360,-0.168469086,0.163687625
15.78947368,14.73684211,360,0.137682422,-0.135072452
16.84210526,14.73684211,360,0.440845172,-0.355169353
17.89473684,14.73684211,360,0.62987504,-0.3799768
18.94736842,14.73684211,360,0.677264828,-0.366611818
20,14.73684211,360,0.563208208,-0.384556601
0,15.78947368,360,0.163599537,-0.159220827
1.052631579,15.78947368,360,-0.287552357,0.2637757
2.105263158,15.78947368,360,-0.605403618,0.383514994
3.157894737,15.78947368,360,-0.74462378,0.331756273
4.210526316,15.78947368,360,-0.778033353,0.307061834
5.263157895,15.78947368,360,-0.75588593,0.32400027
6.315789474,15.78947368,360,-0.704210228,0.354983894
7.368421053,15.78947368,360,-0.643195367,0.377105264
8.421052632,15.78947368,360,-0.593968132,0.384417279
9.473684211,15.78947368,360,-0.572367354,0.384857297
10.52631579,15.78947368,360,-0.576843454,0.384899735
11.57894737,15.78947368,360,-0.585459389,0.38478575
12.63157895,15.78947368,360,-0.565950358,0.384676567
13.68421053,15.78947368,360,-0.482607617,0.370203423
14.73684211,15.78947368,360,-0.298544349,0.271935471
15.78947368,15.78947368,360,-0.006340243,0.006339988
16.84210526,15.78947368,360,0.310955976,-0.280888518
17.89473684,15.78947368,360,0.53009457,-0.381137862
18.94736842,15.78947368,360,0.598303043,-0.384130578
20,15.78947368,360,0.489948147,-0.372336493
0,16.84210526,360,0.139679597,-0.136954394
1.052631579,16.84210526,360,-0.223843533,0.212627645
2.105263158,16.84210526,360,-0.495385115,0.373814431
3.157894737,16.84210526,360,-0.618813844,0.381851104
4.210526316,16.84210526,360,-0.637945479,0.378317979
5.263157895,16.84210526,360,-0.594286937,0.384398481
6.315789474,16.84210526,360,-0.519792906,0.379352834
7.368421053,16.84210526,360,-0.45008693,0.35890911
8.421052632,16.84210526,360,-0.421506685,0.346618483
9.473684211,16.84210526,360,-0.450643592,0.35912705
10.52631579,16.84210526,360,-0.518252868,0.379057385
11.57894737,16.84210526,360,-0.58215314,0.384860114
12.63157895,16.84210526,360,-0.60638617,0.383415436
13.68421053,16.84210526,360,-0.567416416,0.384730238
14.73684211,16.84210526,360,-0.441959978,0.355632544
15.78947368,16.84210526,360,-0.212897611,0.203247943
16.84210526,16.84210526,360,0.083406468,-0.08282624
17.89473684,16.84210526,360,0.33792857,-0.299338574
18.94736842,16.84210526,360,0.456539142,-0.361383607
20,16.84210526,360,0.396552842,-0.33419326
0,17.89473684,360,0.218546225,-0.208107921
1.052631579,17.89473684,360,-0.007610585,0.007610144
2.105263158,17.89473684,360,-0.20619667,0.197429793
3.157894737,17.89473684,360,-0.303166135,0.275302225
4.210526316,17.89473684,360,-0.301372541,0.274000257
5.263157895,17.89473684,360,-0.232062448,0.219565194
6.315789474,17.89473684,360,-0.139089014,0.136398232
7.368421053,17.89473684,360,-0.074989005,0.074567315
8.421052632,17.89473684,360,-0.084687331,0.084079958
9.473684211,17.89473684,360,-0.182736665,0.176634597
10.52631579,17.89473684,360,-0.336643683,0.298492201
11.57894737,17.89473684,360,-0.483341395,0.370423708
12.63157895,17.89473684,360,-0.577071007,0.384900044
13.68421053,17.89473684,360,-0.602158768,0.3838189
14.73684211,17.89473684,360,-0.549695349,0.383596667
15.78947368,17.89473684,360,-0.404214913,0.338170362
16.84210526,17.89473684,360,-0.164278514,0.159845059
17.89473684,17.89473684,360,0.109164259,-0.107863366
18.94736842,17.89473684,360,0.303537655,-0.27557118
20,17.89473684,360,0.343471786,-0.302951434
0,18.94736842,360,0.367294636,-0.317744625
1.052631579,18.94736842,360,0.294841237,-0.269210289
2.105263158,18.94736842,360,0.203290568,-0.194889168
3.157894737,18.94736842,360,0.154053693,-0.150397607
4.210526316,18.94736842,360,0.166906648,-0.162256991
5.263157895,18.94736842,360,0.224719793,-0.213371672
6.315789474,18.94736842,360,0.289197854,-0.265010676
7.368421053,18.94736842,360,0.317434782,-0.285448517
8.421052632,18.94736842,360,0.273364249,-0.252936282
9.473684211,18.94736842,360,0.136678797,-0.134125488
10.52631579,18.94736842,360,-0.077452709,0.076988076
11.57894737,18.94736842,360,-0.308167895,0.278901976
12.63157895,18.94736842,360,-0.490911722,0.372604786
13.68421053,18.94736842,360,-0.596208169,0.384277521
14.73684211,18.94736842,360,-0.617381349,0.382060441
15.78947368,18.94736842,360,-0.545935449,0.383221837
16.84210526,18.94736842,360,-0.365945574,0.316939547
17.89473684,18.94736842,360,-0.090996086,0.090242612
18.94736842,18.94736842,360,0.183550624,-0.17736665
20,18.94736842,360,0.345048178,-0.303967347
0,20,360,0.462141235,-0.363439642
1.052631579,20,360,0.494103101,-0.37347382
2.105263158,20,360,0.479988587,-0.369404475
3.157894737,20,360,0.463051548,-0.363765546
4.210526316,20,360,0.466169042,-0.36486418
5.263157895,20,360,0.489487633,-0.372207305
6.315789474,20,360,0.516134106,-0.378638863
7.368421053,20,360,0.521493317,-0.379670456
8.421052632,20,360,0.478714192,-0.369008564
9.473684211,20,360,0.361899887,-0.314501306
10.52631579,20,360,0.158023128,-0.154077084
11.57894737,20,360,-0.109383103,0.108074371
12.63157895,20,360,-0.374277408,0.321847289
13.68421053,20,360,-0.566781474,0.384707891
14.73684211,20,360,-0.657090055,0.37338003
15.78947368,20,360,-0.643203582,0.377103283
16.84210526,20,360,-0.51381268,0.378164349
17.89473684,20,360,-0.256051377,0.239264058
18.94736842,20,360,0.070888594,-0.070532365
20,20,360,0.33113663,-0.294827012
0,0,540,0.456651331,-0.361425629
1.052631579,0,540,0.661340552,-0.372089158
2.105263158,0,540,0.745095841,-0.331442613
3.157894737,0,540,0.773402362,-0.310790801
4.210526316,0,540,0.784751276,-0.301474315
5.263157895,0,540,0.796679793,-0.29102817
6.315789474,0,540,0.810665561,-0.277913461
7.368421053,0,540,0.814131563,-0.274516857
8.421052632,0,540,0.779977022,-0.305466961
9.473684211,0,540,0.655936523,-0.373718048
10.52631579,0,540,0.351690282,-0.308191099
11.57894737,0,540,-0.162043379,0.157788435
12.63157895,0,540,-0.621073564,0.381505385
13.68421053,0,540,-0.845505664,0.241070721
14.73684211,0,540,-0.923212038,0.136339523
15.78947368,0,540,-0.928971368,0.127280408
16.84210526,0,540,-0.874844215,0.205280095
17.89473684,0,540,-0.720354679,0.346554811
18.94736842,0,540,-0.39384272,0.332752953
20,0,540,0.07254885,-0.072167001
0,1.052631579,540,0.113694975,-0.112225291
1.052631579,1.052631579,540,0.437835586,-0.353902504
2.105263158,1.052631579,540,0.615206542,-0.38236373
3.157894737,1.052631579,540,0.693263675,-0.360071085
4.210526316,1.052631579,540,0.725329323,-0.343731661
5.263157895,1.052631579,540,0.748002693,-0.329489181
6.315789474,1.052631579,540,0.777834062,-0.307224365
7.368421053,1.052631579,540,0.807809438,-0.280668471
8.421052632,1.052631579,540,0.8117654,-0.276841985
9.473684211,1.052631579,540,0.745001586,-0.33150532
10.52631579,1.052631579,540,0.521753786,-0.379718311
11.57894737,1.052631579,540,0.043819151,-0.043735013
12.63157895,1.052631579,540,-0.504257618,0.376037136
13.68421053,1.052631579,540,-0.805135046,0.283212338
14.73684211,1.052631579,540,-0.917322543,0.145413375
15.78947368,1.052631579,540,-0.944754936,0.101502685
16.84210526,1.052631579,540,-0.924261189,0.134702986
17.89473684,1.052631579,540,-0.843844531,0.242965125
18.94736842,1.052631579,540,-0.653660198,0.374369724
20,1.052631579,540,-0.307632291,0.278518701
0,2.105263158,540,-0.268753998,0.249342243
1.052631579,2.105263158,540,0.096355787,-0.095461178
2.105263158,2.105263158,540,0.363756313,-0.315624567
3.157894737,2.105263158,540,0.501559459,-0.375386213
4.210526316,2.105263158,540,0.55933778,-0.38434406
5.263157895,2.105263158,540,0.597660493,-0.384177321
6.315789474,2.105263158,540,0.654120962,-0.374239457
7.368421053,2.105263158,540,0.723623204,-0.344711994
8.421052632,2.105263158,540,0.768694525,-0.314479639
9.473684211,2.105263158,540,0.741464939,-0.33382957
10.52631579,2.105263158,540,0.565363365,-0.384653031
11.57894737,2.105263158,540,0.13108678,-0.128834219
12.63157895,2.105263158,540,-0.438644532,0.354245365
13.68421053,2.105263158,540,-0.778591992,0.306605252
14.73684211,2.105263158,540,-0.910802667,0.155235842
15.78947368,2.105263158,540,-0.950242254,0.092211184
16.84210526,2.105263158,540,-0.947156959,0.097456478
17.89473684,2.105263158,540,-0.906851053,0.161075943
18.94736842,2.105263158,540,-0.805155986,0.283192554
20,2.105263158,540,-0.598155416,0.384141449
0,3.157894737,540,-0.461770051,0.363306093
1.052631579,3.157894737,540,-0.116657364,0.115069781
2.105263158,3.157894737,540,0.18688371,-0.180356699
3.157894737,3.157894737,540,0.358811983,-0.312616361
4.210526316,3.157894737,540,0.427400642,-0.349326807
5.263157895,3.157894737,540,0.465651484,-0.364683665
6.315789474,3.157894737,540,0.530842663,-0.381254421
7.368421053,3.157894737,540,0.623620671,-0.381092882
8.421052632,3.157894737,540,0.693357076,-0.360029797
9.473684211,3.157894737,540,0.679765447,-0.365658707
10.52631579,3.157894737,540,0.507516852,-0.376794034
11.57894737,3.157894737,540,0.085355302,-0.084733444
12.63157895,3.157894737,540,-0.454765993,0.360714879
13.68421053,3.157894737,540,-0.779810567,0.305604236
14.73684211,3.157894737,540,-0.909172271,0.157655729
15.78947368,3.157894737,540,-0.949995135,0.092633307
16.84210526,3.157894737,540,-0.952226806,0.088808586
17.89473684,3.157894737,540,-0.926416121,0.131322423
18.94736842,3.157894737,540,-0.859416655,0.224654103
20,3.157894737,540,-0.71745013,0.34815366
0,4.210526316,540,-0.393284758,0.332454264
1.052631579,4.210526316,540,-0.026751478,0.026732334
2.105263158,4.210526316,540,0.279336872,-0.25754047
3.157894737,4.210526316,540,0.441858755,-0.355590623
4.210526316,4.210526316,540,0.494734193,-0.373642101
5.263157895,4.210526316,540,0.507290528,-0.376742517
6.315789474,4.210526316,540,0.537206556,-0.382173641
7.368421053,4.210526316,540,0.593821398,-0.384425809
8.421052632,4.210526316,540,0.629759061,-0.379998837
9.473684211,4.210526316,540,0.5744637,-0.384885772
10.52631579,4.210526316,540,0.348245897,-0.306012304
11.57894737,4.210526316,540,-0.089781646,0.08905794
12.63157895,4.210526316,540,-0.551593654,0.383768218
13.68421053,4.210526316,540,-0.811127386,0.277464262
14.73684211,4.210526316,540,-0.914626721,0.149503019
15.78947368,4.210526316,540,-0.946050742,0.09932397
16.84210526,4.210526316,540,-0.942906569,0.104593987
17.89473684,4.210526316,540,-0.91094219,0.155028082
18.94736842,4.210526316,540,-0.833957994,0.253951938
20,4.210526316,540,-0.674614362,0.367594305
0,5.263157895,540,-0.083483183,0.082901352
1.052631579,5.263157895,540,0.29950113,-0.272635601
2.105263158,5.263157895,540,0.549075273,-0.383538053
3.157894737,5.263157895,540,0.661227611,-0.372124383
4.210526316,5.263157895,540,0.68772212,-0.362455887
5.263157895,5.263157895,540,0.676101544,-0.367046537
6.315789474,5.263157895,540,0.660518381,-0.372344429
7.368421053,5.263157895,540,0.646201137,-0.376363109
8.421052632,5.263157895,540,0.593701008,-0.38443275
9.473684211,5.263157895,540,0.430125273,-0.350548764
10.52631579,5.263157895,540,0.095451784,-0.094582119
11.57894737,5.263157895,540,-0.343574624,0.303017865
12.63157895,5.263157895,540,-0.685831389,0.363240517
13.68421053,5.263157895,540,-0.858359473,0.225936536
14.73684211,5.263157895,540,-0.924754322,0.133931655
15.78947368,5.263157895,540,-0.938909588,0.1112127
16.84210526,5.263157895,540,-0.91957374,0.141967598
17.89473684,5.263157895,540,-0.858919872,0.225257451
18.94736842,5.263157895,540,-0.724133072,0.34442035
20,5.263157895,540,-0.466353687,0.3649284
0,6.315789474,540,0.309518429,-0.279866051
1.052631579,6.315789474,540,0.611402663,-0.382852267
2.105263158,6.315789474,540,0.765456616,-0.316957343
3.157894737,6.315789474,540,0.825878919,-0.262566739
4.210526316,6.315789474,540,0.835106997,-0.252700291
5.263157895,6.315789474,540,0.816171553,-0.272490296
6.315789474,6.315789474,540,0.778384957,-0.306774634
7.368421053,6.315789474,540,0.709830926,-0.352175556
8.421052632,6.315789474,540,0.560873963,-0.384434455
9.473684211,6.315789474,540,0.255872152,-0.23912006
10.52631579,6.315789474,540,-0.187053651,0.180508818
11.57894737,6.315789474,540,-0.575992662,0.38489699
12.63157895,6.315789474,540,-0.801363859,0.286740783
13.68421053,6.315789474,540,-0.901615136,0.168683309
14.73684211,6.315789474,540,-0.934742433,0.118017386
15.78947368,6.315789474,540,-0.92883825,0.127491879
16.84210526,6.315789474,540,-0.883220506,0.194239211
17.89473684,6.315789474,540,-0.768339346,0.314753785
18.94736842,6.315789474,540,-0.525482085,0.38037997
20,6.315789474,540,-0.124782031,0.122839106
0,7.368421053,540,0.578604671,-0.384897452
1.052631579,7.368421053,540,0.778311413,-0.306834755
2.105263158,7.368421053,540,0.865520573,-0.217136728
3.157894737,7.368421053,540,0.896149908,-0.176465666
4.210526316,7.368421053,540,0.897184062,-0.175005404
5.263157895,7.368421053,540,0.877403226,-0.201946267
6.315789474,7.368421053,540,0.831413396,-0.256700353
7.368421053,7.368421053,540,0.729774728,-0.341117759
8.421052632,7.368421053,540,0.500880473,-0.375218955
9.473684211,7.368421053,540,0.072589353,-0.072206864
10.52631579,7.368421053,540,-0.415615086,0.34382344
11.57894737,7.368421053,540,-0.729178439,0.341473391
12.63157895,7.368421053,540,-0.874685876,0.205485246
13.68421053,7.368421053,540,-0.930440891,0.124939369
14.73684211,7.368421053,540,-0.940653348,0.108336249
15.78947368,7.368421053,540,-0.915695194,0.147886891
16.84210526,7.368421053,540,-0.837018413,0.250603461
17.89473684,7.368421053,540,-0.649834521,0.375419212
18.94736842,7.368421053,540,-0.282582888,0.260017771
20,7.368421053,540,0.20249882,-0.1941952
0,8.421052632,540,0.703033633,-0.355554838
1.052631579,8.421052632,540,0.83019405,-0.258005913
2.105263158,8.421052632,540,0.877292051,-0.202091819
3.157894737,8.421052632,540,0.888739842,-0.186761118
4.210526316,8.421052632,540,0.88219514,-0.195610658
5.263157895,8.421052632,540,0.858957226,-0.225212128
6.315789474,8.421052632,540,0.804238335,-0.284057543
7.368421053,8.421052632,540,0.674237231,-0.367731788
8.421052632,8.421052632,540,0.381936504,-0.326221328
9.473684211,8.421052632,540,-0.112056649,0.110649589
10.52631579,8.421052632,540,-0.57043883,0.384817773
11.57894737,8.421052632,540,-0.813561282,0.275079746
12.63157895,8.421052632,540,-0.912360204,0.152910528
13.68421053,8.421052632,540,-0.943861646,0.102999085
14.73684211,8.421052632,540,-0.938613176,0.111699949
15.78947368,8.421052632,540,-0.894095318,0.179349765
16.84210526,8.421052632,540,-0.775353045,0.309232237
17.89473684,8.421052632,540,-0.50889028,0.377103312
18.94736842,8.421052632,540,-0.051677416,0.051539409
20,8.421052632,540,0.418466314,-0.34518698
0,9.473684211,540,0.738917171,-0.335469441
1.052631579,9.473684211,540,0.798534968,-0.289342681
2.105263158,9.473684211,540,0.798264073,-0.289589826
3.157894737,9.473684211,540,0.77708893,-0.307830409
4.210526316,9.473684211,540,0.750786392,-0.327582964
5.263157895,9.473684211,540,0.714870508,-0.349543195
6.315789474,9.473684211,540,0.644023936,-0.37690417
7.368421053,9.473684211,540,0.48309992,-0.370351388
8.421052632,9.473684211,540,0.15426645,-0.150595195
9.473684211,9.473684211,540,-0.313434678,0.282642448
10.52631579,9.473684211,540,-0.679284708,0.365843917
11.57894737,9.473684211,540,-0.858186104,0.226146294
12.63157895,9.473684211,540,-0.927015626,0.130377359
13.68421053,9.473684211,540,-0.94277983,0.104805244
14.73684211,9.473684211,540,-0.92147019,0.139043114
15.78947368,9.473684211,540,-0.846613168,0.239799915
16.84210526,9.473684211,540,-0.666162737,0.370537839
17.89473684,9.473684211,540,-0.310039137,0.280236852
18.94736842,9.473684211,540,0.174285087,-0.168991127
20,9.473684211,540,0.553328577,-0.383914575
0,10.52631579,540,0.718218808,-0.34773407
1.052631579,10.52631579,540,0.669572587,-0.369384817
2.105263158,10.52631579,540,0.561252586,-0.384455515
3.157894737,10.52631579,540,0.453306945,-0.360158176
4.210526316,10.52631579,540,0.374945813,-0.322234295
5.263157895,10.52631579,540,0.314391936,-0.283316717
6.315789474,10.52631579,540,0.231657839,-0.219225839
7.368421053,10.52631579,540,0.070064385,-0.069720438
8.421052632,10.52631579,540,-0.208198845,0.1991741
9.473684211,10.52631579,540,-0.534442523,0.381790341
10.52631579,10.52631579,540,-0.767960498,0.31504556
11.57894737,10.52631579,540,-0.883988414,0.193208472
12.63157895,10.52631579,540,-0.92733447,0.129873916
13.68421053,10.52631579,540,-0.926085332,0.131843025
14.73684211,10.52631579,540,-0.876776751,0.202765609
15.78947368,10.52631579,540,-0.740837995,0.334235777
16.84210526,10.52631579,540,-0.452214792,0.359737673
17.89473684,10.52631579,540,-0.007014089,0.007013744
18.94736842,10.52631579,540,0.41491503,-0.343485548
20,10.52631579,540,0.651799091,-0.374887426
0,11.57894737,540,0.647771219,-0.375961523
1.052631579,11.57894737,540,0.416569182,-0.34428198
2.105263158,11.57894737,540,0.109109603,-0.107810664
3.157894737,11.57894737,540,-0.129798794,0.12761198
4.210526316,11.57894737,540,-0.260641176,0.242934825
5.263157895,11.57894737,540,-0.323665876,0.289758769
6.315789474,11.57894737,540,-0.3720824,0.320569336
7.368421053,11.57894737,540,-0.451529191,0.359472047
8.421052632,11.57894737,540,-0.581153211,0.384875075
9.473684211,11.57894737,540,-0.72891746,0.341628551
10.52631579,11.57894737,540,-0.840831984,0.246365095
11.57894737,11.57894737,540,-0.901194501,0.16928801
12.63157895,11.57894737,540,-0.918751989,0.143228642
13.68421053,11.57894737,540,-0.892463308,0.181624533
14.73684211,11.57894737,540,-0.791236443,0.295878825
15.78947368,11.57894737,540,-0.543512474,0.382955732
16.84210526,11.57894737,540,-0.108905086,0.107613437
17.89473684,11.57894737,540,0.348228454,-0.306001207
18.94736842,11.57894737,540,0.62921105,-0.380102277
20,11.57894737,540,0.719671435,-0.346934186
0,12.63157895,540,0.545815007,-0.383209063
1.052631579,12.63157895,540,0.109517529,-0.108203966
2.105263158,12.63157895,540,-0.340821682,0.301232033
3.157894737,12.63157895,540,-0.595449704,0.384326849
4.210526316,12.63157895,540,-0.701555132,0.356264005
5.263157895,12.63157895,540,-0.738648557,0.335640655
6.315789474,12.63157895,540,-0.753100756,0.325971567
7.368421053,12.63157895,540,-0.771460944,0.31232443
8.421052632,12.63157895,540,-0.806412861,0.282001204
9.473684211,12.63157895,540,-0.852507333,0.232931642
10.52631579,12.63157895,540,-0.892624741,0.181400157
11.57894737,12.63157895,540,-0.914145669,0.150228593
12.63157895,12.63157895,540,-0.907507265,0.160112018
13.68421053,12.63157895,540,-0.8487649,0.237313091
14.73684211,12.63157895,540,-0.673561045,0.367976852
15.78947368,12.63157895,540,-0.282790711,0.260175772
16.84210526,12.63157895,540,0.245535792,-0.230732973
17.89473684,12.63157895,540,0.614182051,-0.382500548
18.94736842,12.63157895,540,0.765544528,-0.316890708
20,12.63157895,540,0.750347688,-0.327885692
0,13.68421053,540,0.447496169,-0.357883799
1.052631579,13.68421053,540,-0.124260002,0.122341359
2.105263158,13.68421053,540,-0.591293283,0.384560745
3.157894737,13.68421053,540,-0.801487681,0.286626018
4.210526316,13.68421053,540,-0.875620246,0.204272734
5.263157895,13.68421053,540,-0.896983666,0.17528882
6.315789474,13.68421053,540,-0.90011891,0.170829921
7.368421053,13.68421053,540,-0.900094666,0.170864603
8.421052632,13.68421053,540,-0.904402916,0.164651404
9.473684211,13.68421053,540,-0.914115828,0.150273561
10.52631579,13.68421053,540,-0.92407292,0.134997109
11.57894737,13.68421053,540,-0.925294809,0.133084705
12.63157895,13.68421053,540,-0.902284401,0.167719205
13.68421053,13.68421053,540,-0.817374257,0.271285964
14.73684211,13.68421053,540,-0.580770751,0.384879875
15.78947368,13.68421053,540,-0.088488715,0.087795826
16.84210526,13.68421053,540,0.451618036,-0.359506541
17.89473684,13.68421053,540,0.741415597,-0.333861603
18.94736842,13.68421053,540,0.824709632,-0.263786694
20,13.68421053,540,0.750367542,-0.327872011
0,14.73684211,540,0.380842135,-0.325604513
1.052631579,14.73684211,540,-0.238091845,0.22459496
2.105263158,14.73684211,540,-0.681902053,0.364824138
3.157894737,14.73684211,540,-0.862772614,0.220544883
4.210526316,14.73684211,540,-0.921966154,0.138275019
5.263157895,14.73684211,540,-0.93709916,0.114181001
6.315789474,14.73684211,540,-0.937063312,0.114239589
7.368421053,14.73684211,540,-0.933369141,0.120238523
8.421052632,14.73684211,540,-0.931763548,0.122821988
9.473684211,14.73684211,540,-0.93401204,0.119200027
10.52631579,14.73684211,540,-0.937238152,0.11395377
11.57894737,14.73684211,540,-0.933787561,0.119562897
12.63157895,14.73684211,540,-0.907821169,0.15965009
13.68421053,14.73684211,540,-0.8200076,0.268624269
14.73684211,14.73684211,540,-0.576582154,0.384899158
15.78947368,14.73684211,540,-0.069859407,0.06951847
16.84210526,14.73684211,540,0.475561694,-0.368009173
17.89473684,14.73684211,540,0.756806521,-0.323340962
18.94736842,14.73684211,540,0.828027414,-0.260307476
20,14.73684211,540,0.73211357,-0.339707813
0,15.78947368,540,0.370130412,-0.319423833
1.052631579,15.78947368,540,-0.222353331,0.211359959
2.105263158,15.78947368,540,-0.654288486,0.374191889
3.157894737,15.78947368,540,-0.835212721,0.252584789
4.210526316,15.78947368,540,-0.894590268,0.178657059
5.263157895,15.78947368,540,-0.907760977,0.159738707
6.315789474,15.78947368,540,-0.905057909,0.163697988
7.368421053,15.78947368,540,-0.900788718,0.169870452
8.421052632,15.78947368,540,-0.903097772,0.166544246
9.473684211,15.78947368,540,-0.91364887,0.150976586
10.52631579,15.78947368,540,-0.926914831,0.130536392
11.57894737,15.78947368,540,-0.933082,0.120701605
12.63157895,15.78947368,540,-0.918160539,0.144133966
13.68421053,15.78947368,540,-0.851709611,0.233871571
14.73684211,15.78947368,540,-0.6586582,0.372912102
15.78947368,15.78947368,540,-0.227448683,0.215682102
16.84210526,15.78947368,540,0.327319593,-0.292251188
17.89473684,15.78947368,540,0.67276999,-0.368261201
18.94736842,15.78947368,540,0.784511255,-0.301677598
20,15.78947368,540,0.706702508,-0.353755181
0,16.84210526,540,0.434589538,-0.352509452
1.052631579,16.84210526,540,-0.049427576,0.04930682
2.105263158,16.84210526,540,-0.471777724,0.366772165
3.157894737,16.84210526,540,-0.680263013,0.36546602
4.210526316,16.84210526,540,-0.753879836,0.325423685
5.263157895,16.84210526,540,-0.766049958,0.316506917
6.315789474,16.84210526,540,-0.756996127,0.323204692
7.368421053,16.84210526,540,-0.753669576,0.325571819
8.421052632,16.84210526,540,-0.774039307,0.310283836
9.473684211,16.84210526,540,-0.818979916,0.269667071
10.52631579,16.84210526,540,-0.87109899,0.21009736
11.57894737,16.84210526,540,-0.90935594,0.157383845
12.63157895,16.84210526,540,-0.920287986,0.140868503
13.68421053,16.84210526,540,-0.887921354,0.187880314
14.73684211,16.84210526,540,-0.768152553,0.314897729
15.78947368,16.84210526,540,-0.471285443,0.366608248
16.84210526,16.84210526,540,0.025264989,-0.025248861
17.89473684,16.84210526,540,0.471142954,-0.366560675
18.94736842,16.84210526,540,0.685275087,-0.363468573
20,16.84210526,540,0.679938826,-0.365591679
0,17.89473684,540,0.553164148,-0.383901132
1.052631579,17.89473684,540,0.271140098,-0.251206705
2.105263158,17.89473684,540,-0.05968579,0.059473165
3.157894737,17.89473684,540,-0.277310167,0.255984758
4.210526316,17.89473684,540,-0.365205581,0.316496244
5.263157895,17.89473684,540,-0.371827687,0.320420342
6.315789474,17.89473684,540,-0.350966473,0.307735313
7.368421053,17.89473684,540,-0.355136186,0.310345803
8.421052632,17.89473684,540,-0.424166831,0.347851795
9.473684211,17.89473684,540,-0.560121309,0.384391157
10.52631579,17.89473684,540,-0.716919075,0.348442056
11.57894737,17.89473684,540,-0.837374009,0.250211347
12.63157895,17.89473684,540,-0.900085242,0.170878085
13.68421053,17.89473684,540,-0.908762279,0.158261969
14.73684211,17.89473684,540,-0.853730066,0.231484617
15.78947368,17.89473684,540,-0.685750339,0.363273823
16.84210526,17.89473684,540,-0.332639598,0.295833325
17.89473684,17.89473684,540,0.148534102,-0.145257087
18.94736842,17.89473684,540,0.511630378,-0.377703123
20,17.89473684,540,0.641780109,-0.377442621
0,18.94736842,540,0.643606895,-0.377005717
1.052631579,18.94736842,540,0.575496213,-0.384894232
2.105263158,18.94736842,540,0.43842768,-0.354153624
3.157894737,18.94736842,540,0.321473564,-0.288250797
4.210526316,18.94736842,540,0.269541109,-0.249958298
5.263157895,18.94736842,540,0.274239987,-0.253615064
6.315789474,18.94736842,540,0.294532534,-0.26898201
7.368421053,18.94736842,540,0.276730794,-0.255538769
8.421052632,18.94736842,540,0.166636714,-0.16200958
9.473684211,18.94736842,540,-0.071661983,0.071293967
10.52631579,18.94736842,540,-0.398108977,0.335012383
11.57894737,18.94736842,540,-0.681903543,0.36482355
12.63157895,18.94736842,540,-0.844158085,0.242608608
13.68421053,18.94736842,540,-0.906982898,0.160882461
14.73684211,18.94736842,540,-0.901917447,0.168248118
15.78947368,18.94736842,540,-0.821686162,0.266909837
16.84210526,18.94736842,540,-0.612050535,0.38277282
17.89473684,18.94736842,540,-0.216118553,0.206024255
18.94736842,18.94736842,540,0.254966795,-0.238391897
20,18.94736842,540,0.557898187,-0.38425216
0,20,540,0.626928533,-0.380520928
1.052631579,20,540,0.707330708,-0.353441321
2.105263158,20,540,0.705216515,-0.354490951
3.157894737,20,540,0.682448547,-0.364607677
4.210526316,20,540,0.672130451,-0.36848924
5.263157895,20,540,0.680170347,-0.365501982
6.315789474,20,540,0.691809929,-0.36070902
7.368421053,20,540,0.679519127,-0.365753723
8.421052632,20,540,0.603170918,-0.383728196
9.473684211,20,540,0.401929925,-0.336999084
10.52631579,20,540,0.022541845,-0.02253039
11.57894737,20,540,-0.435106238,0.35273304
12.63157895,20,540,-0.746400852,0.330570314
13.68421053,20,540,-0.883615563,0.193709329
14.73684211,20,540,-0.921181548,0.139489506
15.78947368,20,540,-0.893813527,0.179743557
16.84210526,20,540,-0.781415484,0.304275251
17.89473684,20,540,-0.516105527,0.378633122
18.94736842,20,540,-0.065567991,0.065286104
20,20,540,0.379706105,-0.324961322
0,0,0,0.061563361,-0.061330033
1.052631579,0,0,0.212713628,-0.203088956
2.105263158,0,0,0.106403887,-0.105199204
3.157894737,0,0,0.047362768,-0.047256523
4.210526316,0,0,-0.072752206,0.072367137
5.263157895,0,0,0.145586303,-0.142500548
6.315789474,0,0,-0.055572532,0.055400907
7.368421053,0,0,0.384471827,-0.327639745
8.421052632,0,0,0.453015694,-0.360046355
9.473684211,0,0,-0.107361051,0.106123565
10.52631579,0,0,0.275121069,-0.254296714
11.57894737,0,0,0.033608186,-0.033570226
12.63157895,0,0,0.067693333,-0.067383136
13.68421053,0,0,0.412623374,-0.342370924
14.73684211,0,0,-0.424657483,0.34807731
15.78947368,0,0,-0.403102064,0.337601496
16.84210526,0,0,-0.465411606,0.364599746
17.89473684,0,0,0.319993413,-0.287227437
18.94736842,0,0,0.276223921,-0.255148131
20,0,0,0.360345433,-0.313555
0,1.052631579,0,0.467056397,-0.365171931
1.052631579,1.052631579,0,0.295839263,-0.269947153
2.105263158,1.052631579,0,-0.028563624,0.028540319
3.157894737,1.052631579,0,0.263741158,-0.245395482
4.210526316,1.052631579,0,-0.364608861,0.316137897
5.263157895,1.052631579,0,0.131477594,-0.129204825
6.315789474,1.052631579,0,-0.343168071,0.302755115
7.368421053,1.052631579,0,0.427308613,-0.349285201
8.421052632,1.052631579,0,0.027576987,-0.027556015
9.473684211,1.052631579,0,-0.087436141,0.086767685
10.52631579,1.052631579,0,-0.222742365,0.21169119
11.57894737,1.052631579,0,0.262682468,-0.244556831
12.63157895,1.052631579,0,-0.033542474,0.033504736
13.68421053,1.052631579,0,0.061403541,-0.061172026
14.73684211,1.052631579,0,-0.470999765,0.36651281
15.78947368,1.052631579,0,0.102883397,-0.101794377
16.84210526,1.052631579,0,0.107797728,-0.106545081
17.89473684,1.052631579,0,0.11982754,-0.11810698
18.94736842,1.052631579,0,0.43499406,-0.352684557
20,1.052631579,0,0.186673624,-0.180168601
0,2.105263158,0,-0.138059151,0.135427698
1.052631579,2.105263158,0,-0.06140978,0.061178194
2.105263158,2.105263158,0,0.187775733,-0.181154812
3.157894737,2.105263158,0,-0.422899661,0.347266542
4.210526316,2.105263158,0,0.152174536,-0.148650616
5.263157895,2.105263158,0,0.164327003,-0.159889621
6.315789474,2.105263158,0,-0.283046883,0.26037043
7.368421053,2.105263158,0,-0.363754728,0.315623611
8.421052632,2.105263158,0,-0.180447319,0.174571732
9.473684211,2.105263158,0,-0.138211382,0.135571215
10.52631579,2.105263158,0,0.068520682,-0.068198972
11.57894737,2.105263158,0,-0.051539662,0.051402756
12.63157895,2.105263158,0,0.472293385,-0.366943131
13.68421053,2.105263158,0,-0.381680998,0.326077564
14.73684211,2.105263158,0,-0.291928735,0.267049871
15.78947368,2.105263158,0,-0.332953168,0.296042708
16.84210526,2.105263158,0,0.141574222,-0.138736613
17.89473684,2.105263158,0,-0.24059149,0.226665028
18.94736842,2.105263158,0,-0.035302113,0.035258118
20,2.105263158,0,-0.251476572,0.235573076
0,3.157894737,0,-0.34133694,0.301567464
1.052631579,3.157894737,0,-0.380678692,0.325512157
2.105263158,3.157894737,0,0.141704864,-0.138859393
3.157894737,3.157894737,0,-0.354432781,0.309908015
4.210526316,3.157894737,0,-0.296633013,0.270531935
5.263157895,3.157894737,0,-0.127777932,0.125691676
6.315789474,3.157894737,0,0.303027263,-0.275201626
7.368421053,3.157894737,0,-0.391339698,0.331407292
8.421052632,3.157894737,0,0.31826635,-0.286028047
9.473684211,3.157894737,0,-0.38005152,0.325157199
10.52631579,3.157894737,0,0.455619206,-0.361037734
11.57894737,3.157894737,0,-0.019815702,0.019807921
12.63157895,3.157894737,0,0.463311256,-0.363858104
13.68421053,3.157894737,0,0.107032596,-0.105806433
14.73684211,3.157894737,0,0.223371862,-0.212226726
15.78947368,3.157894737,0,-0.452343602,0.359787436
16.84210526,3.157894737,0,-0.216584734,0.206424972
17.89473684,3.157894737,0,-0.379338004,0.324752281
18.94736842,3.157894737,0,-0.202317536,0.194036197
20,3.157894737,0,-0.382237554,0.326390527
0,4.210526316,0,-0.183938568,0.177715301
1.052631579,4.210526316,0,-0.095533455,0.094661555
2.105263158,4.210526316,0,-0.416966364,0.344472196
3.157894737,4.210526316,0,0.183937858,-0.177714663
4.210526316,4.210526316,0,0.058632427,-0.058430863
5.263157895,4.210526316,0,-0.227095739,0.21538385
6.315789474,4.210526316,0,0.020274138,-0.020265804
7.368421053,4.210526316,0,-0.395522699,0.333647838
8.421052632,4.210526316,0,0.074506353,-0.074092753
9.473684211,4.210526316,0,0.415059768,-0.343555508
10.52631579,4.210526316,0,-0.16572548,0.16117384
11.57894737,4.210526316,0,0.159995417,-0.155899769
12.63157895,4.210526316,0,-0.346057112,0.304614861
13.68421053,4.210526316,0,0.202971017,-0.194609172
14.73684211,4.210526316,0,-0.199656892,0.191697995
15.78947368,4.210526316,0,-0.31387028,0.28294949
16.84210526,4.210526316,0,0.077583162,-0.077116178
17.89473684,4.210526316,0,-0.463221279,0.363826058
18.94736842,4.210526316,0,0.310742696,-0.280737063
20,4.210526316,0,-0.479648449,0.369299263
0,5.263157895,0,0.172483588,-0.167352099
1.052631579,5.263157895,0,-0.219684629,0.209082356
2.105263158,5.263157895,0,0.230532377,-0.218280693
3.157894737,5.263157895,0,0.450539665,-0.359086425
4.210526316,5.263157895,0,-0.238262827,0.224736843
5.263157895,5.263157895,0,0.070993975,-0.070636155
6.315789474,5.263157895,0,0.086181381,-0.085541292
7.368421053,5.263157895,0,0.062186966,-0.061946475
8.421052632,5.263157895,0,-0.260787255,0.243051116
9.473684211,5.263157895,0,0.437134297,-0.353603881
10.52631579,5.263157895,0,-0.043929484,0.043844709
11.57894737,5.263157895,0,0.338028563,-0.299404301
12.63157895,5.263157895,0,0.187526696,-0.180932083
13.68421053,5.263157895,0,-0.191124176,0.184142706
14.73684211,5.263157895,0,0.299608028,-0.272713722
15.78947368,5.263157895,0,-0.095688695,0.094812538
16.84210526,5.263157895,0,0.370502756,-0.319642994
17.89473684,5.263157895,0,0.083190787,-0.082615048
18.94736842,5.263157895,0,0.377275507,-0.323575315
20,5.263157895,0,0.186640932,-0.180139326
0,6.315789474,0,0.223453418,-0.212296069
1.052631579,6.315789474,0,0.004473728,-0.004473638
2.105263158,6.315789474,0,0.444616151,-0.356722864
3.157894737,6.315789474,0,0.151981145,-0.148470644
4.210526316,6.315789474,0,-0.070802883,0.070447944
5.263157895,6.315789474,0,0.100420316,-0.099407654
6.315789474,6.315789474,0,-0.469268723,0.365929587
7.368421053,6.315789474,0,-0.19068329,0.183750023
8.421052632,6.315789474,0,0.150616992,-0.147200173
9.473684211,6.315789474,0,-0.191234364,0.184240812
10.52631579,6.315789474,0,0.107612729,-0.10636652
11.57894737,6.315789474,0,-0.064410504,0.064143283
12.63157895,6.315789474,0,-0.357215546,0.31163379
13.68421053,6.315789474,0,-0.19939971,0.191471529
14.73684211,6.315789474,0,0.066130267,-0.065841066
15.78947368,6.315789474,0,0.092027116,-0.091247739
16.84210526,6.315789474,0,0.081416343,-0.080876665
17.89473684,6.315789474,0,0.15233686,-0.148801651
18.94736842,6.315789474,0,0.151240361,-0.147780943
20,6.315789474,0,-0.065130331,0.06485405
0,7.368421053,0,0.382620751,-0.326605594
1.052631579,7.368421053,0,-0.125568971,0.123589054
2.105263158,7.368421053,0,-0.05283214,0.052684673
3.157894737,7.368421053,0,0.387087959,-0.329087826
4.210526316,7.368421053,0,0.306672983,-0.277830905
5.263157895,7.368421053,0,0.201373343,-0.193207407
6.315789474,7.368421053,0,-0.390598223,0.331005835
7.368421053,7.368421053,0,0.400920201,-0.336477487
8.421052632,7.368421053,0,0.220800662,-0.210035983
9.473684211,7.368421053,0,0.475894193,-0.368115921
10.52631579,7.368421053,0,-0.329544113,0.293755845
11.57894737,7.368421053,0,0.344533882,-0.303636472
12.63157895,7.368421053,0,-0.328805834,0.293257558
13.68421053,7.368421053,0,0.098108516,-0.097164194
14.73684211,7.368421053,0,-0.356089975,0.310937741
15.78947368,7.368421053,0,0.334605875,-0.297143036
16.84210526,7.368421053,0,0.301177002,-0.273857963
17.89473684,7.368421053,0,0.074982261,-0.074560685
18.94736842,7.368421053,0,-0.090076352,0.089345495
20,7.368421053,0,-0.419438442,0.345647221
0,8.421052632,0,0.18689518,-0.180366967
1.052631579,8.421052632,0,-0.040977349,0.040908542
2.105263158,8.421052632,0,0.218614624,-0.208166517
3.157894737,8.421052632,0,0.363172972,-0.315272415
4.210526316,8.421052632,0,0.474806544,-0.367765561
5.263157895,8.421052632,0,0.347729711,-0.305683642
6.315789474,8.421052632,0,-0.473956741,0.367489472
7.368421053,8.421052632,0,-0.133282852,0.130915173
8.421052632,8.421052632,0,0.222728901,-0.211679729
9.473684211,8.421052632,0,-0.312546949,0.282015614
10.52631579,8.421052632,0,0.008141785,-0.008141246
11.57894737,8.421052632,0,-0.433416972,0.351999476
12.63157895,8.421052632,0,-0.306517904,0.277719558
13.68421053,8.421052632,0,-0.460381429,0.362803097
14.73684211,8.421052632,0,0.275691606,-0.254737428
15.78947368,8.421052632,0,-0.26280747,0.244655945
16.84210526,8.421052632,0,-0.148104488,0.144855825
17.89473684,8.421052632,0,0.413186613,-0.342646082
18.94736842,8.421052632,0,0.192447882,-0.185320346
20,8.421052632,0,-0.454035879,0.360437028
0,9.473684211,0,-0.324218487,0.290137409
1.052631579,9.473684211,0,0.116734212,-0.115143489
2.105263158,9.473684211,0,0.074498911,-0.074085436
3.157894737,9.473684211,0,-0.248489609,0.2331461
4.210526316,9.473684211,0,0.418889493,-0.345387621
5.263157895,9.473684211,0,0.114461173,-0.112961576
6.315789474,9.473684211,0,0.033513194,-0.033475555
7.368421053,9.473684211,0,0.087999706,-0.087318241
8.421052632,9.473684211,0,0.224780752,-0.213423393
9.473684211,9.473684211,0,-0.180380409,0.174511355
10.52631579,9.473684211,0,-0.098383383,0.097431102
11.57894737,9.473684211,0,-0.292650789,0.267586863
12.63157895,9.473684211,0,-0.303910855,0.275841099
13.68421053,9.473684211,0,0.42223961,-0.346960077
14.73684211,9.473684211,0,0.234718605,-0.221787294
15.78947368,9.473684211,0,-0.009762259,0.009761329
16.84210526,9.473684211,0,-0.270103431,0.250397802
17.89473684,9.473684211,0,-0.2421561,0.227956169
18.94736842,9.473684211,0,-0.42803333,0.34961226
20,9.473684211,0,-0.072756945,0.072371801
0,10.52631579,0,-0.179280652,0.173518293
1.052631579,10.52631579,0,0.19221426,-0.18511265
2.105263158,10.52631579,0,-0.121295268,0.119510707
3.157894737,10.52631579,0,-0.316071832,0.284495812
4.210526316,10.52631579,0,-0.466320706,0.364916937
5.263157895,10.52631579,0,-0.416249142,0.344128422
6.315789474,10.52631579,0,0.171393934,-0.166359086
7.368421053,10.52631579,0,-0.044699172,0.044609862
8.421052632,10.52631579,0,0.045759953,-0.045664133
9.473684211,10.52631579,0,0.389844189,-0.330596257
10.52631579,10.52631579,0,0.472107156,-0.366881474
11.57894737,10.52631579,0,-0.273617297,0.253132548
12.63157895,10.52631579,0,0.149988618,-0.146614386
13.68421053,10.52631579,0,-0.232907073,0.220272865
14.73684211,10.52631579,0,-0.464179885,0.36416631
15.78947368,10.52631579,0,0.243012926,-0.228661729
16.84210526,10.52631579,0,-0.177090789,0.171537018
17.89473684,10.52631579,0,-0.116761535,0.115169695
18.94736842,10.52631579,0,0.081162414,-0.080627769
20,10.52631579,0,0.319967335,-0.287209369
0,11.57894737,0,0.131441795,-0.129170883
1.052631579,11.57894737,0,0.358117634,-0.312189678
2.105263158,11.57894737,0,-0.213889807,0.204104594
3.157894737,11.57894737,0,0.276549166,-0.25539884
4.210526316,11.57894737,0,-0.299698695,0.272779966
5.263157895,11.57894737,0,0.431643928,-0.351221551
6.315789474,11.57894737,0,0.185928857,-0.179501382
7.368421053,11.57894737,0,-0.273008941,0.252660525
8.421052632,11.57894737,0,0.429332008,-0.350194968
9.473684211,11.57894737,0,0.229667497,-0.217553189
10.52631579,11.57894737,0,-0.235626437,0.2225445
11.57894737,11.57894737,0,-0.27855704,0.256942678
12.63157895,11.57894737,0,0.014328414,-0.014325472
13.68421053,11.57894737,0,-0.461663356,0.363267635
14.73684211,11.57894737,0,-0.289756509,0.26542889
15.78947368,11.57894737,0,-0.078816412,0.078326802
16.84210526,11.57894737,0,-0.124430491,0.12250394
17.89473684,11.57894737,0,-0.039133969,0.039074036
18.94736842,11.57894737,0,-0.209584062,0.200377982
20,11.57894737,0,0.084472345,-0.083869586
0,12.63157895,0,0.345253126,-0.30409905
1.052631579,12.63157895,0,-0.366892825,0.317505255
2.105263158,12.63157895,0,0.002253398,-0.002253386
3.157894737,12.63157895,0,-0.346777704,0.305076029
4.210526316,12.63157895,0,0.204088709,-0.195587965
5.263157895,12.63157895,0,-0.090608603,0.089864714
6.315789474,12.63157895,0,0.058941452,-0.058736684
7.368421053,12.63157895,0,-0.311778982,0.281472153
8.421052632,12.63157895,0,-0.347223089,0.305360528
9.473684211,12.63157895,0,-0.014415952,0.014412956
10.52631579,12.63157895,0,-0.133426293,0.131050961
11.57894737,12.63157895,0,0.428472188,-0.349809658
12.63157895,12.63157895,0,0.262633266,-0.244517813
13.68421053,12.63157895,0,0.247612732,-0.232431084
14.73684211,12.63157895,0,0.383662704,-0.327188678
15.78947368,12.63157895,0,-0.395058157,0.333401056
16.84210526,12.63157895,0,0.050459736,-0.050331256
17.89473684,12.63157895,0,0.089704827,-0.088982976
18.94736842,12.63157895,0,0.444939586,-0.356854346
20,12.63157895,0,-0.188658458,0.181943724
0,13.68421053,0,-0.249907421,0.234299773
1.052631579,13.68421053,0,-0.394838948,0.333284427
2.105263158,13.68421053,0,-0.466281686,0.36490337
3.157894737,13.68421053,0,0.404167487,-0.338146179
4.210526316,13.68421053,0,0.172557747,-0.167419637
5.263157895,13.68421053,0,0.271324933,-0.251350746
6.315789474,13.68421053,0,-0.202429672,0.194134555
7.368421053,13.68421053,0,0.073884764,-0.07348143
8.421052632,13.68421053,0,-0.424991549,0.348230503
9.473684211,13.68421053,0,-0.01225141,0.012249571
10.52631579,13.68421053,0,0.462944891,-0.363727481
11.57894737,13.68421053,0,0.368606232,-0.318523499
12.63157895,13.68421053,0,-0.142688243,0.139783119
13.68421053,13.68421053,0,0.44182341,-0.355575978
14.73684211,13.68421053,0,-0.246797013,0.231764912
15.78947368,13.68421053,0,0.429740328,-0.350377281
16.84210526,13.68421053,0,0.43126209,-0.351052952
17.89473684,13.68421053,0,0.300143589,-0.273104802
18.94736842,13.68421053,0,0.142595765,-0.139696287
20,13.68421053,0,0.363777571,-0.315637386
0,14.73684211,0,-0.191110028,0.184130108
1.052631579,14.73684211,0,0.335902752,-0.298002623
2.105263158,14.73684211,0,0.106441564,-0.105235602
3.157894737,14.73684211,0,-0.47124951,0.366596256
4.210526316,14.73684211,0,-0.155762481,0.15198338
5.263157895,14.73684211,0,-0.337403247,0.29899294
6.315789474,14.73684211,0,0.456663184,-0.361430067
7.368421053,14.73684211,0,-0.01979012,0.019782369
8.421052632,14.73684211,0,-0.003456451,0.003456409
9.473684211,14.73684211,0,0.12889152,-0.126750242
10.52631579,14.73684211,0,-0.12220575,0.120380699
11.57894737,14.73684211,0,-0.349586478,0.306863268
12.63157895,14.73684211,0,0.299564265,-0.272681742
13.68421053,14.73684211,0,-0.296703078,0.2705835
14.73684211,14.73684211,0,0.004158542,-0.00415847
15.78947368,14.73684211,0,-0.269164465,0.249663631
16.84210526,14.73684211,0,-0.384956191,0.327909044
17.89473684,14.73684211,0,0.355123993,-0.310338223
18.94736842,14.73684211,0,0.470814459,-0.366450781
20,14.73684211,0,0.45470367,-0.360691218
0,15.78947368,0,0.394331247,-0.333013869
1.052631579,15.78947368,0,0.267821368,-0.248611
2.105263158,15.78947368,0,-0.166518752,0.161901438
3.157894737,15.78947368,0,-0.415044367,0.343548066
4.210526316,15.78947368,0,-0.100741211,0.099718809
5.263157895,15.78947368,0,-0.268100796,0.248830237
6.315789474,15.78947368,0,-0.356482892,0.311181027
7.368421053,15.78947368,0,-0.431964268,0.351362704
8.421052632,15.78947368,0,0.20716937,-0.198277838
9.473684211,15.78947368,0,-0.467593381,0.365357095
10.52631579,15.78947368,0,0.24934632,-0.233843565
11.57894737,15.78947368,0,-0.344266199,0.303464039
12.63157895,15.78947368,0,-0.415965013,0.34399188
13.68421053,15.78947368,0,-0.401009693,0.336523816
14.73684211,15.78947368,0,0.163085292,-0.158747743
15.78947368,15.78947368,0,-0.245885589,0.231019415
16.84210526,15.78947368,0,-0.08547167,0.084847264
17.89473684,15.78947368,0,0.060816792,-0.06059185
18.94736842,15.78947368,0,0.357715254,-0.311941938
20,15.78947368,0,0.230123528,-0.217936913
0,16.84210526,0,-0.225843652,0.214324416
1.052631579,16.84210526,0,-0.363993182,0.315767348
2.105263158,16.84210526,0,-0.438147095,0.354034737
3.157894737,16.84210526,0,-0.207939166,0.198948147
4.210526316,16.84210526,0,-0.230963021,0.218642548
5.263157895,16.84210526,0,-0.049996906,0.049871929
6.315789474,16.84210526,0,0.175752215,-0.170323433
7.368421053,16.84210526,0,0.182952192,-0.176828507
8.421052632,16.84210526,0,-0.20609837,0.197344025
9.473684211,16.84210526,0,-0.122098235,0.120277997
10.52631579,16.84210526,0,-0.303113176,0.275263865
11.57894737,16.84210526,0,0.263851989,-0.245483175
12.63157895,16.84210526,0,-0.429032415,0.350060928
13.68421053,16.84210526,0,0.185362508,-0.178993589
14.73684211,16.84210526,0,0.276944369,-0.255703239
15.78947368,16.84210526,0,0.268520633,-0.249159401
16.84210526,16.84210526,0,-0.23472731,0.22179456
17.89473684,16.84210526,0,-0.127048648,0.12499791
18.94736842,16.84210526,0,0.083963543,-0.08337161
20,16.84210526,0,-0.214831733,0.204916674
0,17.89473684,0,-0.129142056,0.126988268
1.052631579,17.89473684,0,-0.294917562,0.269266704
2.105263158,17.89473684,0,-0.050530677,0.050401655
3.157894737,17.89473684,0,-0.440600076,0.355067076
4.210526316,17.89473684,0,0.283189842,-0.260479012
5.263157895,17.89473684,0,-0.407261387,0.339712265
6.315789474,17.89473684,0,0.016182183,-0.016177945
7.368421053,17.89473684,0,-0.185411812,0.17903781
8.421052632,17.89473684,0,0.079750065,-0.079242848
9.473684211,17.89473684,0,0.447611225,-0.357929716
10.52631579,17.89473684,0,0.139927978,-0.13718821
11.57894737,17.89473684,0,-0.447772954,0.3579942
12.63157895,17.89473684,0,-0.073916202,0.073512353
13.68421053,17.89473684,0,0.012712719,-0.012710664
14.73684211,17.89473684,0,0.037192947,-0.037141497
15.78947368,17.89473684,0,0.173408251,-0.168193792
16.84210526,17.89473684,0,-0.216961105,0.206748286
17.89473684,17.89473684,0,-0.359461512,0.313014563
18.94736842,17.89473684,0,-0.102782184,0.101696375
20,17.89473684,0,0.438036175,-0.353987681
0,18.94736842,0,-0.295941341,0.27002242
1.052631579,18.94736842,0,0.385057268,-0.327965174
2.105263158,18.94736842,0,0.050217188,-0.050090552
3.157894737,18.94736842,0,-0.041333013,0.041262399
4.210526316,18.94736842,0,0.375383341,-0.322487079
5.263157895,18.94736842,0,-0.034233356,0.034193237
6.315789474,18.94736842,0,0.219249843,-0.208710395
7.368421053,18.94736842,0,-0.096990777,0.096078364
8.421052632,18.94736842,0,0.394218368,-0.332953632
9.473684211,18.94736842,0,0.193870993,-0.186584165
10.52631579,18.94736842,0,0.190814131,-0.183866583
11.57894737,18.94736842,0,-0.167902124,0.163168774
12.63157895,18.94736842,0,0.245434655,-0.230650121
13.68421053,18.94736842,0,0.135512576,-0.133024069
14.73684211,18.94736842,0,-0.258343796,0.241101539
15.78947368,18.94736842,0,-0.322118298,0.28869524
16.84210526,18.94736842,0,0.28476606,-0.261673894
17.89473684,18.94736842,0,0.441824503,-0.355576432
18.94736842,18.94736842,0,-0.041013055,0.040944068
20,18.94736842,0,0.086116186,-0.085477549
0,20,0,0.340317205,-0.300903096
1.052631579,20,0,-0.027204763,0.027184629
2.105263158,20,0,0.439190997,-0.354476003
3.157894737,20,0,0.081218642,-0.080682886
4.210526316,20,0,0.318716976,-0.286341543
5.263157895,20,0,0.403302902,-0.337704382
6.315789474,20,0,0.308044114,-0.278813446
7.368421053,20,0,-0.322620691,0.289041003
8.421052632,20,0,0.129265628,-0.127105651
9.473684211,20,0,-0.100857513,0.099831566
10.52631579,20,0,-0.42019412,0.346003344
11.57894737,20,0,-0.081904208,0.08135477
12.63157895,20,0,-0.227956991,0.216111345
13.68421053,20,0,0.336678398,-0.298515112
14.73684211,20,0,-0.450487255,0.359065927
15.78947368,20,0,0.43060974,-0.350764037
16.84210526,20,0,-0.138938968,0.136256885
17.89473684,20,0,-0.137330056,0.134740074
18.94736842,20,0,-0.470247512,0.3662604
20,20,0,-0.301662302,0.274210989
